year,overall_pick,round,pick_in_round,player,team_name,manager,position
2019,1,1,1,Saquon Barkley,nowhere to Hyde,lucas,RB
2019,2,1,2,Alvin Kamara,peeks for playoffs,Niko,RB
2019,3,1,3,Ezekiel Elliott,happy golladays🎅🏻,riley,RB
2019,4,1,4,Christian McCaffrey,The BAC,Dylan,RB
2019,5,1,5,DeAndre Hopkins,road to not last,Brendan,WR
2019,6,1,6,Nick Chubb,Sooper Bull Seesin,Aaron,RB
2019,7,1,7,Davante Adams,RaheemDaDream,Jack,WR
2019,8,1,8,David Johnson,Peeks for PlayoffsV2,Nate,RB
2019,9,1,9,Le'Veon Bell,prius,Mattias,RB
2019,10,1,10,Michael Thomas,Peeks for playoffs,Connor,WR
2019,11,2,1,Julio Jones,Peeks for playoffs,Connor,WR
2019,12,2,2,James Conner,prius,Mattias,RB
2019,13,2,3,Travis Kelce,Peeks for PlayoffsV2,Nate,TE
2019,14,2,4,Odell Beckham Jr.,peeks for playoffs,Niko,WR
2019,15,2,5,JuJu Smith-Schuster,Sooper Bull Seesin,Aaron,WR
2019,16,2,6,Joe Mixon,road to not last,Brendan,RB
2019,17,2,7,Tyreek Hill,The BAC,Dylan,WR
2019,18,2,8,George Kittle,happy golladays🎅🏻,riley,TE
2019,19,2,9,Mike Evans,RaheemDaDream,Jack,WR
2019,20,2,10,Marlon Mack,nowhere to Hyde,lucas,RB
2019,21,3,1,Keenan Allen,nowhere to Hyde,lucas,WR
2019,22,3,2,Patrick Mahomes,RaheemDaDream,Jack,QB
2019,23,3,3,Dalvin Cook,happy golladays🎅🏻,riley,RB
2019,24,3,4,Zach Ertz,The BAC,Dylan,TE
2019,25,3,5,Kerryon Johnson,road to not last,Brendan,RB
2019,26,3,6,Derrick Henry,Sooper Bull Seesin,Aaron,RB
2019,27,3,7,Todd Gurley,peeks for playoffs,Niko,RB
2019,28,3,8,T.Y. Hilton,Peeks for PlayoffsV2,Nate,WR
2019,29,3,9,Antonio Brown,prius,Mattias,WR
2019,30,3,10,Aaron Jones Sr.,Peeks for playoffs,Connor,RB
2019,31,4,1,Leonard Fournette,Peeks for playoffs,Connor,RB
2019,32,4,2,Adam Thielen,prius,Mattias,WR
2019,33,4,3,Robert Woods,Peeks for PlayoffsV2,Nate,WR
2019,34,4,4,Damien Williams,RaheemDaDream,Jack,RB
2019,35,4,5,Mike Williams,Sooper Bull Seesin,Aaron,WR
2019,36,4,6,Devonta Freeman,road to not last,Brendan,RB
2019,37,4,7,Amari Cooper,The BAC,Dylan,WR
2019,38,4,8,Stefon Diggs,happy golladays🎅🏻,riley,WR
2019,39,4,9,Brandin Cooks,peeks for playoffs,Niko,WR
2019,40,4,10,Chris Godwin Jr.,nowhere to Hyde,lucas,WR
2019,41,5,1,Julian Edelman,nowhere to Hyde,lucas,WR
2019,42,5,2,Josh Jacobs,peeks for playoffs,Niko,RB
2019,43,5,3,Kenny Golladay,happy golladays🎅🏻,riley,WR
2019,44,5,4,David Montgomery,The BAC,Dylan,RB
2019,45,5,5,Tyler Lockett,road to not last,Brendan,WR
2019,46,5,6,Hunter Henry,Sooper Bull Seesin,Aaron,TE
2019,47,5,7,Melvin Gordon III,RaheemDaDream,Jack,RB
2019,48,5,8,Mark Ingram II,Peeks for PlayoffsV2,Nate,RB
2019,49,5,9,Chris Carson,prius,Mattias,RB
2019,50,5,10,Tyler Boyd,Peeks for playoffs,Connor,WR
2019,51,6,1,Sony Michel,Peeks for playoffs,Connor,RB
2019,52,6,2,Baker Mayfield,prius,Mattias,QB
2019,53,6,3,DJ Moore,Peeks for PlayoffsV2,Nate,WR
2019,54,6,4,Cooper Kupp,RaheemDaDream,Jack,WR
2019,55,6,5,Aaron Rodgers,Sooper Bull Seesin,Aaron,QB
2019,56,6,6,Calvin Ridley,road to not last,Brendan,WR
2019,57,6,7,Miles Sanders,The BAC,Dylan,RB
2019,58,6,8,Phillip Lindsay,happy golladays🎅🏻,riley,RB
2019,59,6,9,Deshaun Watson,peeks for playoffs,Niko,QB
2019,60,6,10,O.J. Howard,nowhere to Hyde,lucas,TE
2019,61,7,1,Alshon Jeffery,nowhere to Hyde,lucas,WR
2019,62,7,2,Evan Engram,peeks for playoffs,Niko,TE
2019,63,7,3,Drew Brees,happy golladays🎅🏻,riley,QB
2019,64,7,4,Tony Pollard,The BAC,Dylan,RB
2019,65,7,5,Tevin Coleman,road to not last,Brendan,RB
2019,66,7,6,Lamar Miller,Sooper Bull Seesin,Aaron,RB
2019,67,7,7,Jared Cook,RaheemDaDream,Jack,TE
2019,68,7,8,Robbie Chosen,Peeks for PlayoffsV2,Nate,WR
2019,69,7,9,Christian Kirk,prius,Mattias,WR
2019,70,7,10,Matt Ryan,Peeks for playoffs,Connor,QB
2019,71,8,1,Tarik Cohen,Peeks for playoffs,Connor,RB
2019,72,8,2,Jarvis Landry,prius,Mattias,WR
2019,73,8,3,James White,Peeks for PlayoffsV2,Nate,RB
2019,74,8,4,A.J. Green,RaheemDaDream,Jack,WR
2019,75,8,5,Corey Davis,Sooper Bull Seesin,Aaron,WR
2019,76,8,6,Will Fuller V,road to not last,Brendan,WR
2019,77,8,7,Allen Robinson,The BAC,Dylan,WR
2019,78,8,8,Sammy Watkins,happy golladays🎅🏻,riley,WR
2019,79,8,9,Curtis Samuel,peeks for playoffs,Niko,WR
2019,80,8,10,Latavius Murray,nowhere to Hyde,lucas,RB
2019,81,9,1,Cam Newton,nowhere to Hyde,lucas,QB
2019,82,9,2,Darrell Henderson Jr.,peeks for playoffs,Niko,RB
2019,83,9,3,Emmanuel Sanders,happy golladays🎅🏻,riley,WR
2019,84,9,4,Dede Westbrook,The BAC,Dylan,WR
2019,85,9,5,Kenyan Drake,road to not last,Brendan,RB
2019,86,9,6,Rashaad Penny,Sooper Bull Seesin,Aaron,RB
2019,87,9,7,Austin Ekeler,RaheemDaDream,Jack,RB
2019,88,9,8,Russell Wilson,Peeks for PlayoffsV2,Nate,QB
2019,89,9,9,Vance McDonald,prius,Mattias,TE
2019,90,9,10,Eric Ebron,Peeks for playoffs,Connor,TE
2019,91,10,1,Marvin Jones Jr.,Peeks for playoffs,Connor,WR
2019,92,10,2,Sterling Shepard,prius,Mattias,WR
2019,93,10,3,Derrius Guice,Peeks for PlayoffsV2,Nate,RB
2019,94,10,4,Carson Wentz,RaheemDaDream,Jack,QB
2019,95,10,5,Jordan Howard,Sooper Bull Seesin,Aaron,RB
2019,96,10,6,David Njoku,road to not last,Brendan,TE
2019,97,10,7,Kalen Ballage,The BAC,Dylan,RB
2019,98,10,8,Nyheim Miller-Hines,happy golladays🎅🏻,riley,RB
2019,99,10,9,Devin Funchess,peeks for playoffs,Niko,TE
2019,100,10,10,Royce Freeman,nowhere to Hyde,lucas,RB
2019,101,11,1,Austin Hooper,nowhere to Hyde,lucas,TE
2019,102,11,2,Courtland Sutton,peeks for playoffs,Niko,WR
2019,103,11,3,Mike Davis,happy golladays🎅🏻,riley,RB
2019,104,11,4,N'Keal Harry,The BAC,Dylan,TE
2019,105,11,5,Larry Fitzgerald,road to not last,Brendan,WR
2019,106,11,6,John Brown,Sooper Bull Seesin,Aaron,WR
2019,107,11,7,Adrian Peterson,RaheemDaDream,Jack,RB
2019,108,11,8,Geronimo Allison,Peeks for PlayoffsV2,Nate,WR
2019,109,11,9,Matt Breida,prius,Mattias,RB
2019,110,11,10,Golden Tate,Peeks for playoffs,Connor,WR
2019,111,12,1,Greg Zuerlein,Peeks for playoffs,Connor,
2019,112,12,2,Ronald Jones,prius,Mattias,RB
2019,113,12,3,Andrew Luck,Peeks for PlayoffsV2,Nate,QB
2019,114,12,4,Marquez Valdes-Scantling,RaheemDaDream,Jack,WR
2019,115,12,5,Bears,Sooper Bull Seesin,Aaron,
2019,116,12,6,Jared Goff,road to not last,Brendan,QB
2019,117,12,7,Philip Rivers,The BAC,Dylan,QB
2019,118,12,8,Dante Pettis,happy golladays🎅🏻,riley,WR
2019,119,12,9,Justin Tucker,peeks for playoffs,Niko,K
2019,120,12,10,Rams,nowhere to Hyde,lucas,
2019,121,13,1,Harrison Butker,nowhere to Hyde,lucas,K
2019,122,13,2,DeSean Jackson,peeks for playoffs,Niko,WR
2019,123,13,3,Stephen Gostkowski,happy golladays🎅🏻,riley,
2019,124,13,4,Donte Moncrief,The BAC,Dylan,WR
2019,125,13,5,Kirk Cousins,road to not last,Brendan,QB
2019,126,13,6,Ka'imi Fairbairn,Sooper Bull Seesin,Aaron,K
2019,127,13,7,Wil Lutz,RaheemDaDream,Jack,K
2019,128,13,8,Robbie Gould,Peeks for PlayoffsV2,Nate,K
2019,129,13,9,Michael Badgley,prius,Mattias,
2019,130,13,10,Duke Johnson,Peeks for playoffs,Connor,RB
2019,131,14,1,Jamison Crowder,Peeks for playoffs,Connor,WR
2019,132,14,2,Kyler Murray,prius,Mattias,QB
2019,133,14,3,Justin Jackson,Peeks for PlayoffsV2,Nate,RB
2019,134,14,4,LeSean McCoy,RaheemDaDream,Jack,RB
2019,135,14,5,Delanie Walker,Sooper Bull Seesin,Aaron,TE
2019,136,14,6,Adam Vinatieri,road to not last,Brendan,K
2019,137,14,7,Jason Myers,The BAC,Dylan,K
2019,138,14,8,Ben Roethlisberger,happy golladays🎅🏻,riley,QB
2019,139,14,9,Parris Campbell,peeks for playoffs,Niko,WR
2019,140,14,10,Jameis Winston,nowhere to Hyde,lucas,QB
2019,141,15,1,Keke Coutee,nowhere to Hyde,lucas,WR
2019,142,15,2,Jaylen Samuels,peeks for playoffs,Niko,RB
2019,143,15,3,Ravens,happy golladays🎅🏻,riley,
2019,144,15,4,Josh Allen,The BAC,Dylan,QB
2019,145,15,5,Jimmy Garoppolo,road to not last,Brendan,QB
2019,146,15,6,Hollywood Brown,Sooper Bull Seesin,Aaron,
2019,147,15,7,Cowboys,RaheemDaDream,Jack,
2019,148,15,8,Kareem Hunt,Peeks for PlayoffsV2,Nate,RB
2019,149,15,9,Damien Harris,prius,Mattias,RB
2019,150,15,10,Dion Lewis,Peeks for playoffs,Connor,RB
2019,151,16,1,Devin Singletary,Peeks for playoffs,Connor,RB
2019,152,16,2,Jerick McKinnon,prius,Mattias,RB
2019,153,16,3,Vikings,Peeks for PlayoffsV2,Nate,
2019,154,16,4,Kenneth Barber,RaheemDaDream,Jack,
2019,155,16,5,Deebo Samuel,Sooper Bull Seesin,Aaron,WR
2019,156,16,6,Browns,road to not last,Brendan,
2019,157,16,7,Chargers,The BAC,Dylan,
2019,158,16,8,Zay Jones,happy golladays🎅🏻,riley,WR
2019,159,16,9,Sam Darnold,peeks for playoffs,Niko,QB
2019,160,16,10,Carlos Hyde,nowhere to Hyde,lucas,RB
2020,1,1,1,Christian McCaffrey,i appreciate u dyl,Brendan,RB
2020,2,1,2,Saquon Barkley,constellation champ,Nate,RB
2020,3,1,3,Alvin Kamara,russ down bad,lucas,RB
2020,4,1,4,Ezekiel Elliott,Constellation champW,Connor,RB
2020,5,1,5,Michael Thomas,Mckiss the Cook,riley,WR
2020,6,1,6,Dalvin Cook,L,Niko,RB
2020,7,1,7,Derrick Henry,Dorey Cavis Fan Club,Aaron,RB
2020,8,1,8,Clyde Edwards-Helaire,.,Dylan,RB
2020,9,1,9,Josh Jacobs,prius,Mattias,RB
2020,10,1,10,Miles Sanders,DJax Bar Mitzvah,Jack,RB
2020,11,2,1,Davante Adams,Dorey Cavis Fan Club,Aaron,WR
2020,12,2,2,Nick Chubb,prius,Mattias,RB
2020,13,2,3,Joe Mixon,.,Dylan,RB
2020,14,2,4,Austin Ekeler,DJax Bar Mitzvah,Jack,RB
2020,15,2,5,Kenyan Drake,L,Niko,RB
2020,16,2,6,Tyreek Hill,Mckiss the Cook,riley,WR
2020,17,2,7,Julio Jones,Constellation champW,Connor,WR
2020,18,2,8,Chris Godwin Jr.,russ down bad,lucas,WR
2020,19,2,9,Travis Kelce,constellation champ,Nate,TE
2020,20,2,10,DeAndre Hopkins,i appreciate u dyl,Brendan,WR
2020,21,3,1,Aaron Jones Sr.,i appreciate u dyl,Brendan,RB
2020,22,3,2,Kenny Golladay,constellation champ,Nate,WR
2020,23,3,3,George Kittle,russ down bad,lucas,TE
2020,24,3,4,Adam Thielen,Constellation champW,Connor,WR
2020,25,3,5,Chris Carson,Mckiss the Cook,riley,RB
2020,26,3,6,Allen Robinson,prius,Mattias,WR
2020,27,3,7,Leonard Fournette,DJax Bar Mitzvah,Jack,RB
2020,28,3,8,Mike Evans,.,Dylan,WR
2020,29,3,9,Patrick Mahomes,L,Niko,QB
2020,30,3,10,Lamar Jackson,Dorey Cavis Fan Club,Aaron,QB
2020,31,4,1,JuJu Smith-Schuster,DJax Bar Mitzvah,Jack,WR
2020,32,4,2,Calvin Ridley,L,Niko,WR
2020,33,4,3,Todd Gurley,.,Dylan,RB
2020,34,4,4,James Conner,Dorey Cavis Fan Club,Aaron,RB
2020,35,4,5,DJ Moore,prius,Mattias,WR
2020,36,4,6,Amari Cooper,Mckiss the Cook,riley,WR
2020,37,4,7,Jonathan Taylor,Constellation champW,Connor,RB
2020,38,4,8,Le'Veon Bell,russ down bad,lucas,RB
2020,39,4,9,Odell Beckham Jr.,constellation champ,Nate,WR
2020,40,4,10,Melvin Gordon III,i appreciate u dyl,Brendan,RB
2020,41,5,1,A.J. Brown,i appreciate u dyl,Brendan,WR
2020,42,5,2,Mark Ingram II,constellation champ,Nate,RB
2020,43,5,3,Tyler Lockett,russ down bad,lucas,WR
2020,44,5,4,Cooper Kupp,Constellation champW,Connor,WR
2020,45,5,5,David Montgomery,Mckiss the Cook,riley,RB
2020,46,5,6,Robert Woods,L,Niko,WR
2020,47,5,7,Mark Andrews,DJax Bar Mitzvah,Jack,TE
2020,48,5,8,DJ Chark,.,Dylan,WR
2020,49,5,9,DK Metcalf,prius,Mattias,WR
2020,50,5,10,Courtland Sutton,Dorey Cavis Fan Club,Aaron,WR
2020,51,6,1,Devin Singletary,Dorey Cavis Fan Club,Aaron,RB
2020,52,6,2,Ronald Jones,prius,Mattias,RB
2020,53,6,3,Terry McLaurin,.,Dylan,WR
2020,54,6,4,Stefon Diggs,DJax Bar Mitzvah,Jack,WR
2020,55,6,5,D'Andre Swift,L,Niko,RB
2020,56,6,6,Zach Ertz,Mckiss the Cook,riley,TE
2020,57,6,7,Kyler Murray,Constellation champW,Connor,QB
2020,58,6,8,James White,russ down bad,lucas,RB
2020,59,6,9,Keenan Allen,constellation champ,Nate,WR
2020,60,6,10,Dak Prescott,i appreciate u dyl,Brendan,QB
2020,61,7,1,Tyler Boyd,i appreciate u dyl,Brendan,WR
2020,62,7,2,J.K. Dobbins,constellation champ,Nate,RB
2020,63,7,3,Russell Wilson,russ down bad,lucas,QB
2020,64,7,4,Cam Akers,Constellation champW,Connor,RB
2020,65,7,5,Deshaun Watson,Mckiss the Cook,riley,QB
2020,66,7,6,Michael Gallup,L,Niko,WR
2020,67,7,7,Jarvis Landry,DJax Bar Mitzvah,Jack,WR
2020,68,7,8,Kareem Hunt,.,Dylan,RB
2020,69,7,9,DeVante Parker,prius,Mattias,WR
2020,70,7,10,Darren Waller,Dorey Cavis Fan Club,Aaron,TE
2020,71,8,1,Julian Edelman,Dorey Cavis Fan Club,Aaron,WR
2020,72,8,2,Hollywood Brown,prius,Mattias,
2020,73,8,3,Marlon Mack,.,Dylan,RB
2020,74,8,4,Raheem Mostert,DJax Bar Mitzvah,Jack,RB
2020,75,8,5,Phillip Lindsay,L,Niko,RB
2020,76,8,6,Christian Kirk,Mckiss the Cook,riley,WR
2020,77,8,7,T.Y. Hilton,Constellation champW,Connor,WR
2020,78,8,8,Marvin Jones Jr.,russ down bad,lucas,WR
2020,79,8,9,Matt Breida,constellation champ,Nate,RB
2020,80,8,10,Diontae Johnson,i appreciate u dyl,Brendan,WR
2020,81,9,1,Zack Moss,i appreciate u dyl,Brendan,RB
2020,82,9,2,Brandin Cooks,constellation champ,Nate,WR
2020,83,9,3,Jordan Howard,russ down bad,lucas,RB
2020,84,9,4,Will Fuller V,Constellation champW,Connor,WR
2020,85,9,5,David Johnson,Mckiss the Cook,riley,RB
2020,86,9,6,Alexander Mattison,L,Niko,RB
2020,87,9,7,Henry Ruggs III,DJax Bar Mitzvah,Jack,WR
2020,88,9,8,John Brown,.,Dylan,WR
2020,89,9,9,Drew Brees,prius,Mattias,QB
2020,90,9,10,Deebo Samuel,Dorey Cavis Fan Club,Aaron,WR
2020,91,10,1,Jerick McKinnon,Dorey Cavis Fan Club,Aaron,RB
2020,92,10,2,Adrian Peterson,prius,Mattias,RB
2020,93,10,3,Jerry Jeudy,.,Dylan,WR
2020,94,10,4,Preston Williams,DJax Bar Mitzvah,Jack,WR
2020,95,10,5,Antonio Gibson,L,Niko,RB
2020,96,10,6,Chase Edmonds,Mckiss the Cook,riley,RB
2020,97,10,7,Tarik Cohen,Constellation champW,Connor,RB
2020,98,10,8,N'Keal Harry,russ down bad,lucas,TE
2020,99,10,9,Emmanuel Sanders,constellation champ,Nate,WR
2020,100,10,10,Hayden Hurst,i appreciate u dyl,Brendan,TE
2020,101,11,1,Jalen Reagor,i appreciate u dyl,Brendan,WR
2020,102,11,2,Matt Ryan,constellation champ,Nate,QB
2020,103,11,3,Latavius Murray,russ down bad,lucas,RB
2020,104,11,4,Evan Engram,Constellation champW,Connor,TE
2020,105,11,5,Mike Williams,Mckiss the Cook,riley,WR
2020,106,11,6,Kerryon Johnson,L,Niko,RB
2020,107,11,7,Josh Allen,DJax Bar Mitzvah,Jack,QB
2020,108,11,8,DeSean Jackson,.,Dylan,WR
2020,109,11,9,Noah Fant,prius,Mattias,TE
2020,110,11,10,Boston Scott,Dorey Cavis Fan Club,Aaron,RB
2020,111,12,1,Michael Pittman Jr.,Dorey Cavis Fan Club,Aaron,RB
2020,112,12,2,Sony Michel,prius,Mattias,RB
2020,113,12,3,Tom Brady,.,Dylan,QB
2020,114,12,4,Carson Wentz,DJax Bar Mitzvah,Jack,QB
2020,115,12,5,Rob Gronkowski,L,Niko,TE
2020,116,12,6,Jamison Crowder,Mckiss the Cook,riley,WR
2020,117,12,7,Tony Pollard,Constellation champW,Connor,RB
2020,118,12,8,CeeDee Lamb,russ down bad,lucas,WR
2020,119,12,9,Duke Johnson,constellation champ,Nate,RB
2020,120,12,10,Cam Newton,i appreciate u dyl,Brendan,QB
2020,121,13,1,Darrell Henderson Jr.,i appreciate u dyl,Brendan,RB
2020,122,13,2,Justin Jefferson,constellation champ,Nate,WR
2020,123,13,3,Harrison Butker,russ down bad,lucas,K
2020,124,13,4,Damien Harris,Constellation champW,Connor,RB
2020,125,13,5,Tevin Coleman,Mckiss the Cook,riley,RB
2020,126,13,6,Mecole Hardman Jr.,L,Niko,WR
2020,127,13,7,Ke'Shawn Vaughn,DJax Bar Mitzvah,Jack,RB
2020,128,13,8,Austin Hooper,.,Dylan,TE
2020,129,13,9,Jonnu Smith,prius,Mattias,TE
2020,130,13,10,49ers,Dorey Cavis Fan Club,Aaron,
2020,131,14,1,Brandon Aiyuk,Dorey Cavis Fan Club,Aaron,WR
2020,132,14,2,Eagles,prius,Mattias,
2020,133,14,3,Allen Lazard,.,Dylan,WR
2020,134,14,4,Justin Tucker,DJax Bar Mitzvah,Jack,K
2020,135,14,5,Wil Lutz,L,Niko,K
2020,136,14,6,A.J. Green,Mckiss the Cook,riley,WR
2020,137,14,7,Anthony Miller,Constellation champW,Connor,WR
2020,138,14,8,Ravens,russ down bad,lucas,
2020,139,14,9,Matt Gay,constellation champ,Nate,K
2020,140,14,10,Steelers,i appreciate u dyl,Brendan,
2020,141,15,1,Robbie Gould,i appreciate u dyl,Brendan,K
2020,142,15,2,Bills,constellation champ,Nate,
2020,143,15,3,Breshad Perriman,russ down bad,lucas,WR
2020,144,15,4,Chargers,Constellation champW,Connor,
2020,145,15,5,Greg Zuerlein,Mckiss the Cook,riley,
2020,146,15,6,Patriots,L,Niko,
2020,147,15,7,Bears,DJax Bar Mitzvah,Jack,
2020,148,15,8,Zane Gonzalez,.,Dylan,K
2020,149,15,9,Darius Slayton,prius,Mattias,WR
2020,150,15,10,Matt Prater,Dorey Cavis Fan Club,Aaron,K
2020,151,16,1,Joe Burrow,Dorey Cavis Fan Club,Aaron,QB
2020,152,16,2,Younghoe Koo,prius,Mattias,K
2020,153,16,3,Rashaad Penny,.,Dylan,RB
2020,154,16,4,Sterling Shepard,DJax Bar Mitzvah,Jack,WR
2020,155,16,5,Hunter Henry,L,Niko,TE
2020,156,16,6,Colts,Mckiss the Cook,riley,
2020,157,16,7,Dan Bailey,Constellation champW,Connor,
2020,158,16,8,Gardner Minshew II,russ down bad,lucas,QB
2020,159,16,9,Dion Lewis,constellation champ,Nate,RB
2020,160,16,10,AJ Dillon,i appreciate u dyl,Brendan,RB
2021,1,1,1,Christian McCaffrey,eat my bASS,Brendan,RB
2021,2,1,2,Dalvin Cook,Carl Nassib's Sack Count,Jack,RB
2021,3,1,3,Alvin Kamara,Robby tha JIT,lucas,RB
2021,4,1,4,Ezekiel Elliott,Sad,Connor,RB
2021,5,1,5,Derrick Henry,Montgonnorhea,riley,RB
2021,6,1,6,Saquon Barkley,Return of the Mick,Aaron,RB
2021,7,1,7,Aaron Jones Sr.,The Coop Kupp Clan,Mattias,RB
2021,8,1,8,Davante Adams,Smokin Herb,Dylan,WR
2021,9,1,9,Travis Kelce,swift murderer,Niko,TE
2021,10,1,10,Tyreek Hill,skinny girls only,Nate,WR
2021,11,2,1,Nick Chubb,skinny girls only,Nate,RB
2021,12,2,2,Austin Ekeler,swift murderer,Niko,RB
2021,13,2,3,Jonathan Taylor,Smokin Herb,Dylan,RB
2021,14,2,4,Antonio Gibson,The Coop Kupp Clan,Mattias,RB
2021,15,2,5,Stefon Diggs,Return of the Mick,Aaron,WR
2021,16,2,6,Calvin Ridley,Montgonnorhea,riley,WR
2021,17,2,7,DeAndre Hopkins,Sad,Connor,WR
2021,18,2,8,Joe Mixon,Robby tha JIT,lucas,RB
2021,19,2,9,Najee Harris,Carl Nassib's Sack Count,Jack,RB
2021,20,2,10,Clyde Edwards-Helaire,eat my bASS,Brendan,RB
2021,21,3,1,Darren Waller,eat my bASS,Brendan,TE
2021,22,3,2,A.J. Brown,Carl Nassib's Sack Count,Jack,WR
2021,23,3,3,Justin Jefferson,Robby tha JIT,lucas,WR
2021,24,3,4,DK Metcalf,Sad,Connor,WR
2021,25,3,5,Keenan Allen,Montgonnorhea,riley,WR
2021,26,3,6,Allen Robinson,Return of the Mick,Aaron,WR
2021,27,3,7,Terry McLaurin,The Coop Kupp Clan,Mattias,WR
2021,28,3,8,CeeDee Lamb,Smokin Herb,Dylan,WR
2021,29,3,9,D'Andre Swift,swift murderer,Niko,RB
2021,30,3,10,Patrick Mahomes,skinny girls only,Nate,QB
2021,31,4,1,James Robinson,skinny girls only,Nate,RB
2021,32,4,2,Robert Woods,swift murderer,Niko,WR
2021,33,4,3,Chris Carson,Smokin Herb,Dylan,RB
2021,34,4,4,David Montgomery,The Coop Kupp Clan,Mattias,RB
2021,35,4,5,Josh Allen,Return of the Mick,Aaron,QB
2021,36,4,6,Amari Cooper,Montgonnorhea,riley,WR
2021,37,4,7,George Kittle,Sad,Connor,TE
2021,38,4,8,Mike Evans,Robby tha JIT,lucas,WR
2021,39,4,9,Cooper Kupp,Carl Nassib's Sack Count,Jack,WR
2021,40,4,10,Tyler Lockett,eat my bASS,Brendan,WR
2021,41,5,1,Chris Godwin Jr.,eat my bASS,Brendan,WR
2021,42,5,2,Mark Andrews,Carl Nassib's Sack Count,Jack,TE
2021,43,5,3,Josh Jacobs,Robby tha JIT,lucas,RB
2021,44,5,4,Julio Jones,Sad,Connor,WR
2021,45,5,5,Miles Sanders,Montgonnorhea,riley,RB
2021,46,5,6,Darrell Henderson Jr.,Return of the Mick,Aaron,RB
2021,47,5,7,Gus Edwards,The Coop Kupp Clan,Mattias,RB
2021,48,5,8,DJ Moore,Smokin Herb,Dylan,WR
2021,49,5,9,Damien Harris,swift murderer,Niko,RB
2021,50,5,10,Kareem Hunt,skinny girls only,Nate,RB
2021,51,6,1,Adam Thielen,skinny girls only,Nate,WR
2021,52,6,2,Tee Higgins,swift murderer,Niko,WR
2021,53,6,3,Mike Davis,Smokin Herb,Dylan,RB
2021,54,6,4,Diontae Johnson,The Coop Kupp Clan,Mattias,WR
2021,55,6,5,Kyle Pitts Sr.,Return of the Mick,Aaron,TE
2021,56,6,6,T.J. Hockenson,Montgonnorhea,riley,TE
2021,57,6,7,Myles Gaskin,Sad,Connor,RB
2021,58,6,8,Kyler Murray,Robby tha JIT,lucas,QB
2021,59,6,9,Lamar Jackson,Carl Nassib's Sack Count,Jack,QB
2021,60,6,10,Brandon Aiyuk,eat my bASS,Brendan,WR
2021,61,7,1,Javonte Williams,eat my bASS,Brendan,RB
2021,62,7,2,Odell Beckham Jr.,Carl Nassib's Sack Count,Jack,WR
2021,63,7,3,Robbie Chosen,Robby tha JIT,lucas,WR
2021,64,7,4,Jerry Jeudy,Sad,Connor,WR
2021,65,7,5,Ja'Marr Chase,Montgonnorhea,riley,WR
2021,66,7,6,Raheem Mostert,Return of the Mick,Aaron,RB
2021,67,7,7,Trey Sermon,The Coop Kupp Clan,Mattias,RB
2021,68,7,8,Chase Claypool,Smokin Herb,Dylan,WR
2021,69,7,9,Dak Prescott,swift murderer,Niko,QB
2021,70,7,10,Tyler Boyd,skinny girls only,Nate,WR
2021,71,8,1,Chase Edmonds,skinny girls only,Nate,RB
2021,72,8,2,Justin Herbert,swift murderer,Niko,QB
2021,73,8,3,Russell Wilson,Smokin Herb,Dylan,QB
2021,74,8,4,Antonio Brown,The Coop Kupp Clan,Mattias,WR
2021,75,8,5,AJ Dillon,Return of the Mick,Aaron,RB
2021,76,8,6,Aaron Rodgers,Montgonnorhea,riley,QB
2021,77,8,7,Kenny Golladay,Sad,Connor,WR
2021,78,8,8,Logan Thomas,Robby tha JIT,lucas,TE
2021,79,8,9,Jalen Hurts,Carl Nassib's Sack Count,Jack,QB
2021,80,8,10,Courtland Sutton,eat my bASS,Brendan,WR
2021,81,9,1,Tom Brady,eat my bASS,Brendan,QB
2021,82,9,2,Michael Thomas,Carl Nassib's Sack Count,Jack,WR
2021,83,9,3,Leonard Fournette,Robby tha JIT,lucas,RB
2021,84,9,4,Sony Michel,Sad,Connor,RB
2021,85,9,5,Michael Carter,Montgonnorhea,riley,RB
2021,86,9,6,JuJu Smith-Schuster,Return of the Mick,Aaron,WR
2021,87,9,7,Matthew Stafford,The Coop Kupp Clan,Mattias,QB
2021,88,9,8,Tyler Higbee,Smokin Herb,Dylan,TE
2021,89,9,9,Melvin Gordon III,swift murderer,Niko,RB
2021,90,9,10,Ronald Jones,skinny girls only,Nate,RB
2021,91,10,1,Deebo Samuel,skinny girls only,Nate,WR
2021,92,10,2,Zack Moss,swift murderer,Niko,RB
2021,93,10,3,DeVonta Smith,Smokin Herb,Dylan,WR
2021,94,10,4,Corey Davis,The Coop Kupp Clan,Mattias,WR
2021,95,10,5,James Conner,Return of the Mick,Aaron,RB
2021,96,10,6,Jamaal Williams,Montgonnorhea,riley,RB
2021,97,10,7,Marquez Callaway,Sad,Connor,WR
2021,98,10,8,DJ Chark,Robby tha JIT,lucas,WR
2021,99,10,9,Robert Tonyan,Carl Nassib's Sack Count,Jack,TE
2021,100,10,10,Brandin Cooks,eat my bASS,Brendan,WR
2021,101,11,1,Laviska Shenault Jr.,eat my bASS,Brendan,WR
2021,102,11,2,Curtis Samuel,Carl Nassib's Sack Count,Jack,WR
2021,103,11,3,Michael Gallup,Robby tha JIT,lucas,WR
2021,104,11,4,Ryan Tannehill,Sad,Connor,QB
2021,105,11,5,Will Fuller V,Montgonnorhea,riley,WR
2021,106,11,6,Jarvis Landry,Return of the Mick,Aaron,WR
2021,107,11,7,Devin Singletary,The Coop Kupp Clan,Mattias,RB
2021,108,11,8,Kenyan Drake,Smokin Herb,Dylan,RB
2021,109,11,9,Marvin Jones Jr.,swift murderer,Niko,WR
2021,110,11,10,Dallas Goedert,skinny girls only,Nate,TE
2021,111,12,1,Darnell Mooney,skinny girls only,Nate,WR
2021,112,12,2,Michael Pittman Jr.,swift murderer,Niko,RB
2021,113,12,3,Jakobi Meyers,Smokin Herb,Dylan,WR
2021,114,12,4,Rams,The Coop Kupp Clan,Mattias,
2021,115,12,5,Noah Fant,Return of the Mick,Aaron,TE
2021,116,12,6,Mike Williams,Montgonnorhea,riley,WR
2021,117,12,7,Phillip Lindsay,Sad,Connor,RB
2021,118,12,8,Jonnu Smith,Robby tha JIT,lucas,TE
2021,119,12,9,Justin Tucker,Carl Nassib's Sack Count,Jack,K
2021,120,12,10,Mark Ingram II,eat my bASS,Brendan,RB
2021,121,13,1,Nyheim Miller-Hines,eat my bASS,Brendan,RB
2021,122,13,2,49ers,Carl Nassib's Sack Count,Jack,
2021,123,13,3,Harrison Butker,Robby tha JIT,lucas,K
2021,124,13,4,Rashaad Penny,Sad,Connor,RB
2021,125,13,5,Matt Ryan,Montgonnorhea,riley,QB
2021,126,13,6,Commanders,Return of the Mick,Aaron,
2021,127,13,7,Tony Pollard,The Coop Kupp Clan,Mattias,RB
2021,128,13,8,J.D. McKissic,Smokin Herb,Dylan,RB
2021,129,13,9,Jaylen Waddle,swift murderer,Niko,WR
2021,130,13,10,Joe Burrow,skinny girls only,Nate,QB
2021,131,14,1,Gerald Everett,skinny girls only,Nate,TE
2021,132,14,2,Mason Crosby,swift murderer,Niko,K
2021,133,14,3,Trey Lance,Smokin Herb,Dylan,QB
2021,134,14,4,Justin Fields,The Coop Kupp Clan,Mattias,QB
2021,135,14,5,Younghoe Koo,Return of the Mick,Aaron,K
2021,136,14,6,Latavius Murray,Montgonnorhea,riley,RB
2021,137,14,7,Elijah Moore,Sad,Connor,WR
2021,138,14,8,Trevor Lawrence,Robby tha JIT,lucas,QB
2021,139,14,9,Alexander Mattison,Carl Nassib's Sack Count,Jack,RB
2021,140,14,10,Broncos,eat my bASS,Brendan,
2021,141,15,1,Tyler Bass,eat my bASS,Brendan,
2021,142,15,2,Cole Beasley,Carl Nassib's Sack Count,Jack,WR
2021,143,15,3,Tony Jones,Robby tha JIT,lucas,RB
2021,144,15,4,Ravens,Sad,Connor,
2021,145,15,5,Greg Zuerlein,Montgonnorhea,riley,
2021,146,15,6,Henry Ruggs III,Return of the Mick,Aaron,WR
2021,147,15,7,Russell Gage Jr.,The Coop Kupp Clan,Mattias,WR
2021,148,15,8,Panthers,Smokin Herb,Dylan,
2021,149,15,9,Rashod Bateman,swift murderer,Niko,WR
2021,150,15,10,Robbie Gould,skinny girls only,Nate,K
2021,151,16,1,Steelers,skinny girls only,Nate,
2021,152,16,2,Buccaneers,swift murderer,Niko,
2021,153,16,3,Ryan Succop,Smokin Herb,Dylan,
2021,154,16,4,Rodrigo Blankenship,The Coop Kupp Clan,Mattias,
2021,155,16,5,Jameis Winston,Return of the Mick,Aaron,QB
2021,156,16,6,Vikings,Montgonnorhea,riley,
2021,157,16,7,Jason Sanders,Sad,Connor,K
2021,158,16,8,Patriots,Robby tha JIT,lucas,
2021,159,16,9,Amon-Ra St. Brown,Carl Nassib's Sack Count,Jack,WR
2021,160,16,10,Terrace Marshall Jr.,eat my bASS,Brendan,WR
2022,1,1,1,Jonathan Taylor,sho put these nuts in ur mouth,Nate,RB
2022,2,1,2,Derrick Henry,BIG COCK BROCK,Aaron,RB
2022,3,1,3,Christian McCaffrey,ceedeez juus 🌟,riley,RB
2022,4,1,4,Justin Jefferson,loserbowl Ws,Mattias,WR
2022,5,1,5,Dalvin Cook,🐧,Brendan,RB
2022,6,1,6,Austin Ekeler,I ride with my brothas ✊🏿,lucas,RB
2022,7,1,7,Cooper Kupp,Carl Nassib's Sack Count,Jack,WR
2022,8,1,8,Ja'Marr Chase,maybe next week,Niko,WR
2022,9,1,9,Najee Harris,Najee’s in Paris,Connor,RB
2022,10,1,10,Joe Mixon,Third Place Pls,Dylan,RB
2022,11,2,1,Stefon Diggs,Third Place Pls,Dylan,WR
2022,12,2,2,D'Andre Swift,Najee’s in Paris,Connor,RB
2022,13,2,3,Deebo Samuel,maybe next week,Niko,WR
2022,14,2,4,Travis Kelce,Carl Nassib's Sack Count,Jack,TE
2022,15,2,5,Saquon Barkley,I ride with my brothas ✊🏿,lucas,RB
2022,16,2,6,Davante Adams,🐧,Brendan,WR
2022,17,2,7,Alvin Kamara,loserbowl Ws,Mattias,RB
2022,18,2,8,Leonard Fournette,ceedeez juus 🌟,riley,RB
2022,19,2,9,Tyreek Hill,BIG COCK BROCK,Aaron,WR
2022,20,2,10,Aaron Jones Sr.,sho put these nuts in ur mouth,Nate,RB
2022,21,3,1,Nick Chubb,sho put these nuts in ur mouth,Nate,RB
2022,22,3,2,Mark Andrews,BIG COCK BROCK,Aaron,TE
2022,23,3,3,CeeDee Lamb,ceedeez juus 🌟,riley,WR
2022,24,3,4,Javonte Williams,loserbowl Ws,Mattias,RB
2022,25,3,5,Tee Higgins,🐧,Brendan,WR
2022,26,3,6,Mike Evans,I ride with my brothas ✊🏿,lucas,WR
2022,27,3,7,James Conner,Carl Nassib's Sack Count,Jack,RB
2022,28,3,8,Michael Pittman Jr.,maybe next week,Niko,RB
2022,29,3,9,Keenan Allen,Najee’s in Paris,Connor,WR
2022,30,3,10,Ezekiel Elliott,Third Place Pls,Dylan,RB
2022,31,4,1,Courtland Sutton,Third Place Pls,Dylan,WR
2022,32,4,2,A.J. Brown,Najee’s in Paris,Connor,WR
2022,33,4,3,Travis Etienne Jr.,maybe next week,Niko,RB
2022,34,4,4,DJ Moore,Carl Nassib's Sack Count,Jack,WR
2022,35,4,5,Cam Akers,I ride with my brothas ✊🏿,lucas,RB
2022,36,4,6,Kyle Pitts Sr.,🐧,Brendan,TE
2022,37,4,7,Allen Robinson,loserbowl Ws,Mattias,WR
2022,38,4,8,Breece Hall,ceedeez juus 🌟,riley,RB
2022,39,4,9,David Montgomery,BIG COCK BROCK,Aaron,RB
2022,40,4,10,Terry McLaurin,sho put these nuts in ur mouth,Nate,WR
2022,41,5,1,Josh Allen,sho put these nuts in ur mouth,Nate,QB
2022,42,5,2,Elijah Mitchell,BIG COCK BROCK,Aaron,RB
2022,43,5,3,Mike Williams,ceedeez juus 🌟,riley,WR
2022,44,5,4,Darren Waller,loserbowl Ws,Mattias,TE
2022,45,5,5,Jaylen Waddle,🐧,Brendan,WR
2022,46,5,6,Justin Herbert,I ride with my brothas ✊🏿,lucas,QB
2022,47,5,7,J.K. Dobbins,Carl Nassib's Sack Count,Jack,RB
2022,48,5,8,AJ Dillon,maybe next week,Niko,RB
2022,49,5,9,Josh Jacobs,Najee’s in Paris,Connor,RB
2022,50,5,10,Brandin Cooks,Third Place Pls,Dylan,WR
2022,51,6,1,Hollywood Brown,Third Place Pls,Dylan,
2022,52,6,2,Diontae Johnson,Najee’s in Paris,Connor,WR
2022,53,6,3,Jerry Jeudy,maybe next week,Niko,WR
2022,54,6,4,Antonio Gibson,Carl Nassib's Sack Count,Jack,RB
2022,55,6,5,Michael Thomas,I ride with my brothas ✊🏿,lucas,WR
2022,56,6,6,Lamar Jackson,🐧,Brendan,QB
2022,57,6,7,Darnell Mooney,loserbowl Ws,Mattias,WR
2022,58,6,8,Rashod Bateman,ceedeez juus 🌟,riley,WR
2022,59,6,9,Adam Thielen,BIG COCK BROCK,Aaron,WR
2022,60,6,10,Amari Cooper,sho put these nuts in ur mouth,Nate,WR
2022,61,7,1,Elijah Moore,sho put these nuts in ur mouth,Nate,WR
2022,62,7,2,Kyler Murray,BIG COCK BROCK,Aaron,QB
2022,63,7,3,JuJu Smith-Schuster,ceedeez juus 🌟,riley,WR
2022,64,7,4,Drake London,loserbowl Ws,Mattias,WR
2022,65,7,5,Chris Godwin Jr.,🐧,Brendan,WR
2022,66,7,6,Amon-Ra St. Brown,I ride with my brothas ✊🏿,lucas,WR
2022,67,7,7,Patrick Mahomes,Carl Nassib's Sack Count,Jack,QB
2022,68,7,8,T.J. Hockenson,maybe next week,Niko,TE
2022,69,7,9,Joe Burrow,Najee’s in Paris,Connor,QB
2022,70,7,10,Rashaad Penny,Third Place Pls,Dylan,RB
2022,71,8,1,Brandon Aiyuk,Third Place Pls,Dylan,WR
2022,72,8,2,George Kittle,Najee’s in Paris,Connor,TE
2022,73,8,3,Tony Pollard,maybe next week,Niko,RB
2022,74,8,4,DeAndre Hopkins,Carl Nassib's Sack Count,Jack,WR
2022,75,8,5,Zach Ertz,I ride with my brothas ✊🏿,lucas,TE
2022,76,8,6,Kareem Hunt,🐧,Brendan,RB
2022,77,8,7,Russell Wilson,loserbowl Ws,Mattias,QB
2022,78,8,8,DK Metcalf,ceedeez juus 🌟,riley,WR
2022,79,8,9,Hunter Renfrow,BIG COCK BROCK,Aaron,WR
2022,80,8,10,Christian Kirk,sho put these nuts in ur mouth,Nate,WR
2022,81,9,1,Dalton Schultz,sho put these nuts in ur mouth,Nate,TE
2022,82,9,2,Cordarrelle Patterson,BIG COCK BROCK,Aaron,RB
2022,83,9,3,Dak Prescott,ceedeez juus 🌟,riley,QB
2022,84,9,4,Chase Edmonds,loserbowl Ws,Mattias,RB
2022,85,9,5,Gabe Davis,🐧,Brendan,WR
2022,86,9,6,Allen Lazard,I ride with my brothas ✊🏿,lucas,WR
2022,87,9,7,Miles Sanders,Carl Nassib's Sack Count,Jack,RB
2022,88,9,8,Chris Olave,maybe next week,Niko,WR
2022,89,9,9,Damien Harris,Najee’s in Paris,Connor,RB
2022,90,9,10,Rhamondre Stevenson,Third Place Pls,Dylan,RB
2022,91,10,1,Kadarius Toney,Third Place Pls,Dylan,WR
2022,92,10,2,Clyde Edwards-Helaire,Najee’s in Paris,Connor,RB
2022,93,10,3,James Cook III,maybe next week,Niko,RB
2022,94,10,4,Robert Woods,Carl Nassib's Sack Count,Jack,WR
2022,95,10,5,Michael Carter,I ride with my brothas ✊🏿,lucas,RB
2022,96,10,6,Devin Singletary,🐧,Brendan,RB
2022,97,10,7,Garrett Wilson,loserbowl Ws,Mattias,WR
2022,98,10,8,Melvin Gordon III,ceedeez juus 🌟,riley,RB
2022,99,10,9,Tyler Lockett,BIG COCK BROCK,Aaron,WR
2022,100,10,10,James Robinson,sho put these nuts in ur mouth,Nate,RB
2022,101,11,1,Jarvis Landry,sho put these nuts in ur mouth,Nate,WR
2022,102,11,2,Dawson Knox,BIG COCK BROCK,Aaron,TE
2022,103,11,3,Dallas Goedert,ceedeez juus 🌟,riley,TE
2022,104,11,4,Tyler Allgeier,loserbowl Ws,Mattias,RB
2022,105,11,5,Alexander Mattison,🐧,Brendan,RB
2022,106,11,6,DeVante Parker,I ride with my brothas ✊🏿,lucas,WR
2022,107,11,7,Treylon Burks,Carl Nassib's Sack Count,Jack,WR
2022,108,11,8,George Pickens,maybe next week,Niko,WR
2022,109,11,9,Kenneth Walker III,Najee’s in Paris,Connor,RB
2022,110,11,10,Skyy Moore,Third Place Pls,Dylan,WR
2022,111,12,1,Dameon Pierce,Third Place Pls,Dylan,RB
2022,112,12,2,Julio Jones,Najee’s in Paris,Connor,WR
2022,113,12,3,Jameson Williams,maybe next week,Niko,WR
2022,114,12,4,Jalen Hurts,Carl Nassib's Sack Count,Jack,QB
2022,115,12,5,Isaiah Spiller,I ride with my brothas ✊🏿,lucas,RB
2022,116,12,6,Darrell Henderson Jr.,🐧,Brendan,RB
2022,117,12,7,Jakobi Meyers,loserbowl Ws,Mattias,WR
2022,118,12,8,Chase Claypool,ceedeez juus 🌟,riley,WR
2022,119,12,9,Jalen Tolbert,BIG COCK BROCK,Aaron,WR
2022,120,12,10,Tyler Boyd,sho put these nuts in ur mouth,Nate,WR
2022,121,13,1,Marvin Jones Jr.,sho put these nuts in ur mouth,Nate,WR
2022,122,13,2,Tom Brady,BIG COCK BROCK,Aaron,QB
2022,123,13,3,Rondale Moore,ceedeez juus 🌟,riley,WR
2022,124,13,4,Romeo Doubs,loserbowl Ws,Mattias,WR
2022,125,13,5,Devin White,🐧,Brendan,LB
2022,126,13,6,Shaquille Leonard,I ride with my brothas ✊🏿,lucas,
2022,127,13,7,DJ Chark,Carl Nassib's Sack Count,Jack,WR
2022,128,13,8,Trey Lance,maybe next week,Niko,QB
2022,129,13,9,Marlon Mack,Najee’s in Paris,Connor,RB
2022,130,13,10,Matthew Stafford,Third Place Pls,Dylan,QB
2022,131,14,1,Kenny Gainwell,Third Place Pls,Dylan,
2022,132,14,2,Robbie Chosen,Najee’s in Paris,Connor,WR
2022,133,14,3,Kirk Cousins,maybe next week,Niko,QB
2022,134,14,4,Kenny Golladay,Carl Nassib's Sack Count,Jack,WR
2022,135,14,5,Aaron Rodgers,I ride with my brothas ✊🏿,lucas,QB
2022,136,14,6,DeVonta Smith,🐧,Brendan,WR
2022,137,14,7,Jameis Winston,loserbowl Ws,Mattias,QB
2022,138,14,8,Roquan Smith,ceedeez juus 🌟,riley,ILB
2022,139,14,9,Jordyn Brooks,BIG COCK BROCK,Aaron,LB
2022,140,14,10,Mecole Hardman Jr.,sho put these nuts in ur mouth,Nate,WR
2022,141,15,1,Bobby Wagner,sho put these nuts in ur mouth,Nate,MLB
2022,142,15,2,Corey Davis,BIG COCK BROCK,Aaron,WR
2022,143,15,3,Derek Carr,ceedeez juus 🌟,riley,QB
2022,144,15,4,KJ Hamler,loserbowl Ws,Mattias,WR
2022,145,15,5,Rachaad White,🐧,Brendan,RB
2022,146,15,6,Nyheim Miller-Hines,I ride with my brothas ✊🏿,lucas,RB
2022,147,15,7,Micah Parsons,Carl Nassib's Sack Count,Jack,DE
2022,148,15,8,Derwin James Jr.,maybe next week,Niko,FS
2022,149,15,9,Jamaal Williams,Najee’s in Paris,Connor,RB
2022,150,15,10,Foyesade Oluokun,Third Place Pls,Dylan,
2022,151,16,1,Cole Kmet,Third Place Pls,Dylan,TE
2022,152,16,2,Eric Kendricks,Najee’s in Paris,Connor,MLB
2022,153,16,3,Brian Robinson,maybe next week,Niko,RB
2022,154,16,4,Michael Gallup,Carl Nassib's Sack Count,Jack,WR
2022,155,16,5,T.J. Watt,I ride with my brothas ✊🏿,lucas,OLB
2022,156,16,6,Ronald Jones,🐧,Brendan,RB
2022,157,16,7,Logan Wilson,loserbowl Ws,Mattias,LB
2022,158,16,8,Irv Smith Jr.,ceedeez juus 🌟,riley,TE
2022,159,16,9,Trey Sermon,BIG COCK BROCK,Aaron,RB
2022,160,16,10,Albert Okwuegbunam Jr.,sho put these nuts in ur mouth,Nate,TE
2023,1,1,1,Justin Jefferson,i’m gonna kmet suicide,riley,WR
2023,2,1,2,Ja'Marr Chase,I Wank For Tank,Jack,WR
2023,3,1,3,Christian McCaffrey,It’s Over,Dylan,RB
2023,4,1,4,Bijan Robinson,Bijan 🥩 rider,Niko,RB
2023,5,1,5,Cooper Kupp,Trus the Process 🧘‍♀️,Brendan,WR
2023,6,1,6,Austin Ekeler,I AINT WRITE BACK,lucas,RB
2023,7,1,7,Tyreek Hill,Kev Hame’s Blunt Rollers,Nate,WR
2023,8,1,8,Travis Kelce,Suite Life of Dak and Kelce,Connor,TE
2023,9,1,9,Stefon Diggs,This shit sucks,Mattias,WR
2023,10,1,10,Nick Chubb,LIVE AND DIE ON THIS DAY,Aaron,RB
2023,11,2,1,Saquon Barkley,LIVE AND DIE ON THIS DAY,Aaron,RB
2023,12,2,2,Garrett Wilson,This shit sucks,Mattias,WR
2023,13,2,3,Tony Pollard,Suite Life of Dak and Kelce,Connor,RB
2023,14,2,4,Derrick Henry,Kev Hame’s Blunt Rollers,Nate,RB
2023,15,2,5,Amon-Ra St. Brown,I AINT WRITE BACK,lucas,WR
2023,16,2,6,Davante Adams,It’s Over,Dylan,WR
2023,17,2,7,CeeDee Lamb,Bijan 🥩 rider,Niko,WR
2023,18,2,8,A.J. Brown,Trus the Process 🧘‍♀️,Brendan,WR
2023,19,2,9,Josh Jacobs,I Wank For Tank,Jack,RB
2023,20,2,10,Jonathan Taylor,i’m gonna kmet suicide,riley,RB
2023,21,3,1,Jaylen Waddle,i’m gonna kmet suicide,riley,WR
2023,22,3,2,Patrick Mahomes,I Wank For Tank,Jack,QB
2023,23,3,3,Chris Olave,Trus the Process 🧘‍♀️,Brendan,WR
2023,24,3,4,DeVonta Smith,Bijan 🥩 rider,Niko,WR
2023,25,3,5,Mark Andrews,It’s Over,Dylan,TE
2023,26,3,6,Jalen Hurts,I AINT WRITE BACK,lucas,QB
2023,27,3,7,Travis Etienne Jr.,Kev Hame’s Blunt Rollers,Nate,RB
2023,28,3,8,Joe Mixon,Suite Life of Dak and Kelce,Connor,RB
2023,29,3,9,Josh Allen,This shit sucks,Mattias,QB
2023,30,3,10,Tee Higgins,LIVE AND DIE ON THIS DAY,Aaron,WR
2023,31,4,1,Najee Harris,LIVE AND DIE ON THIS DAY,Aaron,RB
2023,32,4,2,Rhamondre Stevenson,This shit sucks,Mattias,RB
2023,33,4,3,Aaron Jones Sr.,Suite Life of Dak and Kelce,Connor,RB
2023,34,4,4,Calvin Ridley,Kev Hame’s Blunt Rollers,Nate,WR
2023,35,4,5,Dameon Pierce,I AINT WRITE BACK,lucas,RB
2023,36,4,6,Jahmyr Gibbs,It’s Over,Dylan,RB
2023,37,4,7,DJ Moore,Bijan 🥩 rider,Niko,WR
2023,38,4,8,Keenan Allen,Trus the Process 🧘‍♀️,Brendan,WR
2023,39,4,9,DK Metcalf,I Wank For Tank,Jack,WR
2023,40,4,10,Amari Cooper,i’m gonna kmet suicide,riley,WR
2023,41,5,1,Lamar Jackson,i’m gonna kmet suicide,riley,QB
2023,42,5,2,Alexander Mattison,I Wank For Tank,Jack,RB
2023,43,5,3,Miles Sanders,Trus the Process 🧘‍♀️,Brendan,RB
2023,44,5,4,Justin Fields,Bijan 🥩 rider,Niko,QB
2023,45,5,5,Breece Hall,It’s Over,Dylan,RB
2023,46,5,6,Deebo Samuel,I AINT WRITE BACK,lucas,WR
2023,47,5,7,Drake London,Kev Hame’s Blunt Rollers,Nate,WR
2023,48,5,8,J.K. Dobbins,Suite Life of Dak and Kelce,Connor,RB
2023,49,5,9,T.J. Hockenson,This shit sucks,Mattias,TE
2023,50,5,10,Joe Burrow,LIVE AND DIE ON THIS DAY,Aaron,QB
2023,51,6,1,Terry McLaurin,LIVE AND DIE ON THIS DAY,Aaron,WR
2023,52,6,2,Kenneth Walker III,This shit sucks,Mattias,RB
2023,53,6,3,DeAndre Hopkins,Suite Life of Dak and Kelce,Connor,WR
2023,54,6,4,Michael Pittman Jr.,Kev Hame’s Blunt Rollers,Nate,RB
2023,55,6,5,Diontae Johnson,I AINT WRITE BACK,lucas,WR
2023,56,6,6,James Conner,It’s Over,Dylan,RB
2023,57,6,7,Brandon Aiyuk,Bijan 🥩 rider,Niko,WR
2023,58,6,8,Justin Herbert,Trus the Process 🧘‍♀️,Brendan,QB
2023,59,6,9,Cam Akers,I Wank For Tank,Jack,RB
2023,60,6,10,Tyler Lockett,i’m gonna kmet suicide,riley,WR
2023,61,7,1,Christian Watson,i’m gonna kmet suicide,riley,WR
2023,62,7,2,Chris Godwin Jr.,I Wank For Tank,Jack,WR
2023,63,7,3,Jahan Dotson,Trus the Process 🧘‍♀️,Brendan,WR
2023,64,7,4,D'Andre Swift,Bijan 🥩 rider,Niko,RB
2023,65,7,5,Trevor Lawrence,It’s Over,Dylan,QB
2023,66,7,6,Javonte Williams,I AINT WRITE BACK,lucas,RB
2023,67,7,7,George Kittle,Kev Hame’s Blunt Rollers,Nate,TE
2023,68,7,8,Mike Evans,Suite Life of Dak and Kelce,Connor,WR
2023,69,7,9,Christian Kirk,This shit sucks,Mattias,WR
2023,70,7,10,Dallas Goedert,LIVE AND DIE ON THIS DAY,Aaron,TE
2023,71,8,1,David Montgomery,LIVE AND DIE ON THIS DAY,Aaron,RB
2023,72,8,2,Rachaad White,This shit sucks,Mattias,RB
2023,73,8,3,James Cook III,Suite Life of Dak and Kelce,Connor,RB
2023,74,8,4,Isiah Pacheco,Kev Hame’s Blunt Rollers,Nate,RB
2023,75,8,5,Mike Williams,I AINT WRITE BACK,lucas,WR
2023,76,8,6,Darren Waller,It’s Over,Dylan,TE
2023,77,8,7,George Pickens,Bijan 🥩 rider,Niko,WR
2023,78,8,8,Jerry Jeudy,Trus the Process 🧘‍♀️,Brendan,WR
2023,79,8,9,Alvin Kamara,I Wank For Tank,Jack,RB
2023,80,8,10,Kyle Pitts Sr.,i’m gonna kmet suicide,riley,TE
2023,81,9,1,Khalil Herbert,i’m gonna kmet suicide,riley,RB
2023,82,9,2,Jamaal Williams,I Wank For Tank,Jack,RB
2023,83,9,3,Antonio Gibson,Trus the Process 🧘‍♀️,Brendan,RB
2023,84,9,4,Jordan Addison,Bijan 🥩 rider,Niko,WR
2023,85,9,5,Dalvin Cook,It’s Over,Dylan,RB
2023,86,9,6,Evan Engram,I AINT WRITE BACK,lucas,TE
2023,87,9,7,AJ Dillon,Kev Hame’s Blunt Rollers,Nate,RB
2023,88,9,8,Hollywood Brown,Suite Life of Dak and Kelce,Connor,
2023,89,9,9,Gabe Davis,This shit sucks,Mattias,WR
2023,90,9,10,Courtland Sutton,LIVE AND DIE ON THIS DAY,Aaron,WR
2023,91,10,1,Brandin Cooks,LIVE AND DIE ON THIS DAY,Aaron,WR
2023,92,10,2,Brian Robinson,This shit sucks,Mattias,RB
2023,93,10,3,Jaxon Smith-Njigba,Suite Life of Dak and Kelce,Connor,WR
2023,94,10,4,Rashod Bateman,Kev Hame’s Blunt Rollers,Nate,WR
2023,95,10,5,Elijah Moore,I AINT WRITE BACK,lucas,WR
2023,96,10,6,Michael Thomas,It’s Over,Dylan,WR
2023,97,10,7,Anthony Richardson Sr.,Bijan 🥩 rider,Niko,QB
2023,98,10,8,Pat Freiermuth,Trus the Process 🧘‍♀️,Brendan,TE
2023,99,10,9,Dalton Kincaid,I Wank For Tank,Jack,TE
2023,100,10,10,Samaje Perine,i’m gonna kmet suicide,riley,RB
2023,101,11,1,Zach Charbonnet,i’m gonna kmet suicide,riley,RB
2023,102,11,2,Quentin Johnston,I Wank For Tank,Jack,WR
2023,103,11,3,Zay Flowers,Trus the Process 🧘‍♀️,Brendan,WR
2023,104,11,4,Jerick McKinnon,Bijan 🥩 rider,Niko,RB
2023,105,11,5,Treylon Burks,It’s Over,Dylan,WR
2023,106,11,6,Kenny Gainwell,I AINT WRITE BACK,lucas,
2023,107,11,7,Jakobi Meyers,Kev Hame’s Blunt Rollers,Nate,WR
2023,108,11,8,Rashaad Penny,Suite Life of Dak and Kelce,Connor,RB
2023,109,11,9,Kadarius Toney,This shit sucks,Mattias,WR
2023,110,11,10,JuJu Smith-Schuster,LIVE AND DIE ON THIS DAY,Aaron,WR
2023,111,12,1,Raheem Mostert,LIVE AND DIE ON THIS DAY,Aaron,RB
2023,112,12,2,Damien Harris,This shit sucks,Mattias,RB
2023,113,12,3,Nico Collins,Suite Life of Dak and Kelce,Connor,WR
2023,114,12,4,Darnell Mooney,Kev Hame’s Blunt Rollers,Nate,WR
2023,115,12,5,Tank Bigsby,I AINT WRITE BACK,lucas,RB
2023,116,12,6,Adam Thielen,It’s Over,Dylan,WR
2023,117,12,7,De'Von Achane,Bijan 🥩 rider,Niko,RB
2023,118,12,8,Elijah Mitchell,Trus the Process 🧘‍♀️,Brendan,RB
2023,119,12,9,Allen Lazard,I Wank For Tank,Jack,WR
2023,120,12,10,Jaylen Warren,i’m gonna kmet suicide,riley,RB
2023,121,13,1,Skyy Moore,i’m gonna kmet suicide,riley,WR
2023,122,13,2,Roquan Smith,I Wank For Tank,Jack,ILB
2023,123,13,3,Kendre Miller,Trus the Process 🧘‍♀️,Brendan,RB
2023,124,13,4,Greg Dulcich,Bijan 🥩 rider,Niko,TE
2023,125,13,5,Daniel Jones,It’s Over,Dylan,QB
2023,126,13,6,Odell Beckham Jr.,I AINT WRITE BACK,lucas,WR
2023,127,13,7,Tyler Boyd,Kev Hame’s Blunt Rollers,Nate,WR
2023,128,13,8,Dak Prescott,Suite Life of Dak and Kelce,Connor,QB
2023,129,13,9,Foyesade Oluokun,This shit sucks,Mattias,
2023,130,13,10,Tyler Allgeier,LIVE AND DIE ON THIS DAY,Aaron,RB
2023,131,14,1,Rashee Rice,LIVE AND DIE ON THIS DAY,Aaron,WR
2023,132,14,2,Tua Tagovailoa,This shit sucks,Mattias,QB
2023,133,14,3,Ezekiel Elliott,Suite Life of Dak and Kelce,Connor,RB
2023,134,14,4,Deshaun Watson,Kev Hame’s Blunt Rollers,Nate,QB
2023,135,14,5,Marcus Jones,I AINT WRITE BACK,lucas,CB
2023,136,14,6,Nick Bolton,It’s Over,Dylan,LB
2023,137,14,7,C.J. Mosley,Bijan 🥩 rider,Niko,
2023,138,14,8,Romeo Doubs,Trus the Process 🧘‍♀️,Brendan,WR
2023,139,14,9,Geno Smith,I Wank For Tank,Jack,QB
2023,140,14,10,Logan Wilson,i’m gonna kmet suicide,riley,LB
2023,141,15,1,Kirk Cousins,i’m gonna kmet suicide,riley,QB
2023,142,15,2,Jalin Hyatt,I Wank For Tank,Jack,WR
2023,143,15,3,Zay Jones,Trus the Process 🧘‍♀️,Brendan,WR
2023,144,15,4,Marvin Mims Jr.,Bijan 🥩 rider,Niko,WR
2023,145,15,5,Kareem Hunt,It’s Over,Dylan,RB
2023,146,15,6,Jameson Williams,I AINT WRITE BACK,lucas,WR
2023,147,15,7,Derwin James Jr.,Kev Hame’s Blunt Rollers,Nate,FS
2023,148,15,8,DJ Chark,Suite Life of Dak and Kelce,Connor,WR
2023,149,15,9,D'Onta Foreman,This shit sucks,Mattias,RB
2023,150,15,10,Aaron Rodgers,LIVE AND DIE ON THIS DAY,Aaron,QB
2023,151,16,1,Zaire Franklin,LIVE AND DIE ON THIS DAY,Aaron,OLB
2023,152,16,2,Michael Gallup,This shit sucks,Mattias,WR
2023,153,16,3,Bobby Okereke,Suite Life of Dak and Kelce,Connor,ILB
2023,154,16,4,Russell Wilson,Kev Hame’s Blunt Rollers,Nate,QB
2023,155,16,5,Clyde Edwards-Helaire,I AINT WRITE BACK,lucas,RB
2023,156,16,6,Justyn Ross,It’s Over,Dylan,WR
2023,157,16,7,Zamir White,Bijan 🥩 rider,Niko,RB
2023,158,16,8,Jalen Pitre,Trus the Process 🧘‍♀️,Brendan,SAF
2023,159,16,9,Sam LaPorta,I Wank For Tank,Jack,TE
2023,160,16,10,Chig Okonkwo,i’m gonna kmet suicide,riley,TE
2024,1,1,1,Christian McCaffrey,Mixon a Walker Once in a While,Connor,RB
2024,2,1,2,Tyreek Hill,Rub For Chubb & Jerk For Kirk,Jack,WR
2024,3,1,3,CeeDee Lamb,Patrick MaHamas,Brendan,WR
2024,4,1,4,Breece Hall,4x4 loading,Niko,RB
2024,5,1,5,Amon-Ra St. Brown,I kiss Amon Ra on the lips,lucas,WR
2024,6,1,6,Bijan Robinson,I got an F grade,Nate,RB
2024,7,1,7,Justin Jefferson,Tony Montana,Aaron,WR
2024,8,1,8,Ja'Marr Chase,Burrowed in DavanKay Adams,Dylan,WR
2024,9,1,9,Garrett Wilson,prius,Mattias,WR
2024,10,1,10,A.J. Brown,waddled away waddle waddle,riley,WR
2024,11,2,1,Jonathan Taylor,waddled away waddle waddle,riley,RB
2024,12,2,2,Jahmyr Gibbs,prius,Mattias,RB
2024,13,2,3,Kyren Williams,Burrowed in DavanKay Adams,Dylan,RB
2024,14,2,4,Saquon Barkley,Tony Montana,Aaron,RB
2024,15,2,5,Marvin Harrison Jr.,I got an F grade,Nate,WR
2024,16,2,6,Derrick Henry,I kiss Amon Ra on the lips,lucas,RB
2024,17,2,7,Isiah Pacheco,4x4 loading,Niko,RB
2024,18,2,8,De'Von Achane,Patrick MaHamas,Brendan,RB
2024,19,2,9,Travis Etienne Jr.,Rub For Chubb & Jerk For Kirk,Jack,RB
2024,20,2,10,Puka Nacua,Mixon a Walker Once in a While,Connor,WR
2024,21,3,1,Drake London,Mixon a Walker Once in a While,Connor,WR
2024,22,3,2,Mike Evans,Rub For Chubb & Jerk For Kirk,Jack,WR
2024,23,3,3,Nico Collins,Patrick MaHamas,Brendan,WR
2024,24,3,4,Deebo Samuel,4x4 loading,Niko,WR
2024,25,3,5,Josh Jacobs,I kiss Amon Ra on the lips,lucas,RB
2024,26,3,6,Chris Olave,I got an F grade,Nate,WR
2024,27,3,7,Brandon Aiyuk,Tony Montana,Aaron,WR
2024,28,3,8,Davante Adams,Burrowed in DavanKay Adams,Dylan,WR
2024,29,3,9,Cooper Kupp,prius,Mattias,WR
2024,30,3,10,Travis Kelce,waddled away waddle waddle,riley,TE
2024,31,4,1,Jaylen Waddle,waddled away waddle waddle,riley,WR
2024,32,4,2,Jalen Hurts,prius,Mattias,QB
2024,33,4,3,Trey McBride,Burrowed in DavanKay Adams,Dylan,TE
2024,34,4,4,Sam LaPorta,Tony Montana,Aaron,TE
2024,35,4,5,DeVonta Smith,I got an F grade,Nate,WR
2024,36,4,6,Josh Allen,I kiss Amon Ra on the lips,lucas,QB
2024,37,4,7,DJ Moore,4x4 loading,Niko,WR
2024,38,4,8,DK Metcalf,Patrick MaHamas,Brendan,WR
2024,39,4,9,Kenneth Walker III,Rub For Chubb & Jerk For Kirk,Jack,RB
2024,40,4,10,Michael Pittman Jr.,Mixon a Walker Once in a While,Connor,RB
2024,41,5,1,Joe Mixon,Mixon a Walker Once in a While,Connor,RB
2024,42,5,2,Malik Nabers,Rub For Chubb & Jerk For Kirk,Jack,WR
2024,43,5,3,Patrick Mahomes,Patrick MaHamas,Brendan,QB
2024,44,5,4,Rachaad White,4x4 loading,Niko,RB
2024,45,5,5,Mark Andrews,I kiss Amon Ra on the lips,lucas,TE
2024,46,5,6,Terry McLaurin,I got an F grade,Nate,WR
2024,47,5,7,C.J. Stroud,Tony Montana,Aaron,QB
2024,48,5,8,James Cook III,Burrowed in DavanKay Adams,Dylan,RB
2024,49,5,9,Stefon Diggs,prius,Mattias,WR
2024,50,5,10,Lamar Jackson,waddled away waddle waddle,riley,QB
2024,51,6,1,Amari Cooper,waddled away waddle waddle,riley,WR
2024,52,6,2,David Montgomery,prius,Mattias,RB
2024,53,6,3,Rashee Rice,Burrowed in DavanKay Adams,Dylan,WR
2024,54,6,4,Tank Dell,Tony Montana,Aaron,WR
2024,55,6,5,Anthony Richardson Sr.,I got an F grade,Nate,QB
2024,56,6,6,Tee Higgins,I kiss Amon Ra on the lips,lucas,WR
2024,57,6,7,Kyler Murray,4x4 loading,Niko,QB
2024,58,6,8,James Conner,Patrick MaHamas,Brendan,RB
2024,59,6,9,Alvin Kamara,Rub For Chubb & Jerk For Kirk,Jack,RB
2024,60,6,10,Aaron Jones Sr.,Mixon a Walker Once in a While,Connor,RB
2024,61,7,1,Kyle Pitts Sr.,Mixon a Walker Once in a While,Connor,TE
2024,62,7,2,Dalton Kincaid,Rub For Chubb & Jerk For Kirk,Jack,TE
2024,63,7,3,George Pickens,Patrick MaHamas,Brendan,WR
2024,64,7,4,Raheem Mostert,4x4 loading,Niko,RB
2024,65,7,5,Rhamondre Stevenson,I kiss Amon Ra on the lips,lucas,RB
2024,66,7,6,Diontae Johnson,I got an F grade,Nate,WR
2024,67,7,7,George Kittle,Tony Montana,Aaron,TE
2024,68,7,8,Calvin Ridley,Burrowed in DavanKay Adams,Dylan,WR
2024,69,7,9,Zay Flowers,prius,Mattias,WR
2024,70,7,10,Chris Godwin Jr.,waddled away waddle waddle,riley,WR
2024,71,8,1,Najee Harris,waddled away waddle waddle,riley,RB
2024,72,8,2,Jordan Love,prius,Mattias,QB
2024,73,8,3,Brian Robinson,Burrowed in DavanKay Adams,Dylan,RB
2024,74,8,4,Zamir White,Tony Montana,Aaron,RB
2024,75,8,5,D'Andre Swift,I got an F grade,Nate,RB
2024,76,8,6,Jayden Reed,I kiss Amon Ra on the lips,lucas,WR
2024,77,8,7,Brian Thomas Jr.,4x4 loading,Niko,WR
2024,78,8,8,Javonte Williams,Patrick MaHamas,Brendan,RB
2024,79,8,9,Keenan Allen,Rub For Chubb & Jerk For Kirk,Jack,WR
2024,80,8,10,Christian Kirk,Mixon a Walker Once in a While,Connor,WR
2024,81,9,1,Dak Prescott,Mixon a Walker Once in a While,Connor,QB
2024,82,9,2,Jerome Ford,Rub For Chubb & Jerk For Kirk,Jack,RB
2024,83,9,3,Evan Engram,Patrick MaHamas,Brendan,TE
2024,84,9,4,Jaxon Smith-Njigba,4x4 loading,Niko,WR
2024,85,9,5,Rome Odunze,I kiss Amon Ra on the lips,lucas,WR
2024,86,9,6,Tyjae Spears,I got an F grade,Nate,RB
2024,87,9,7,Tony Pollard,Tony Montana,Aaron,RB
2024,88,9,8,Joe Burrow,Burrowed in DavanKay Adams,Dylan,QB
2024,89,9,9,Jake Ferguson,prius,Mattias,TE
2024,90,9,10,Christian Watson,waddled away waddle waddle,riley,WR
2024,91,10,1,Devin Singletary,waddled away waddle waddle,riley,RB
2024,92,10,2,Jaylen Warren,prius,Mattias,RB
2024,93,10,3,Xavier Worthy,Burrowed in DavanKay Adams,Dylan,WR
2024,94,10,4,Courtland Sutton,Tony Montana,Aaron,WR
2024,95,10,5,Chase Brown,I got an F grade,Nate,RB
2024,96,10,6,Zack Moss,I kiss Amon Ra on the lips,lucas,RB
2024,97,10,7,Keon Coleman,4x4 loading,Niko,WR
2024,98,10,8,Jonathon Brooks,Patrick MaHamas,Brendan,RB
2024,99,10,9,Brock Purdy,Rub For Chubb & Jerk For Kirk,Jack,QB
2024,100,10,10,Ladd McConkey,Mixon a Walker Once in a While,Connor,WR
2024,101,11,1,Gus Edwards,Mixon a Walker Once in a While,Connor,RB
2024,102,11,2,Khalil Shakir,Rub For Chubb & Jerk For Kirk,Jack,WR
2024,103,11,3,Blake Corum,Patrick MaHamas,Brendan,RB
2024,104,11,4,David Njoku,4x4 loading,Niko,TE
2024,105,11,5,Jameson Williams,I kiss Amon Ra on the lips,lucas,WR
2024,106,11,6,Caleb Williams,I got an F grade,Nate,QB
2024,107,11,7,DeAndre Hopkins,Tony Montana,Aaron,WR
2024,108,11,8,Jayden Daniels,Burrowed in DavanKay Adams,Dylan,QB
2024,109,11,9,Tyler Lockett,prius,Mattias,WR
2024,110,11,10,Jordan Addison,waddled away waddle waddle,riley,WR
2024,111,12,1,Austin Ekeler,waddled away waddle waddle,riley,RB
2024,112,12,2,Joshua Palmer,prius,Mattias,
2024,113,12,3,Curtis Samuel,Burrowed in DavanKay Adams,Dylan,WR
2024,114,12,4,Ezekiel Elliott,Tony Montana,Aaron,RB
2024,115,12,5,Trey Benson,I got an F grade,Nate,RB
2024,116,12,6,Jakobi Meyers,I kiss Amon Ra on the lips,lucas,WR
2024,117,12,7,Brock Bowers,4x4 loading,Niko,TE
2024,118,12,8,Jaleel McLaughlin,Patrick MaHamas,Brendan,RB
2024,119,12,9,Nick Chubb,Rub For Chubb & Jerk For Kirk,Jack,RB
2024,120,12,10,Hollywood Brown,Mixon a Walker Once in a While,Connor,
2024,121,13,1,J.K. Dobbins,Mixon a Walker Once in a While,Connor,RB
2024,122,13,2,Adonai Mitchell,Rub For Chubb & Jerk For Kirk,Jack,WR
2024,123,13,3,Jaylen Wright,Patrick MaHamas,Brendan,RB
2024,124,13,4,Dontayvion Wicks,4x4 loading,Niko,WR
2024,125,13,5,Romeo Doubs,I kiss Amon Ra on the lips,lucas,WR
2024,126,13,6,Rico Dowdle,I got an F grade,Nate,RB
2024,127,13,7,Xavier Legette,Tony Montana,Aaron,WR
2024,128,13,8,MarShawn Lloyd,Burrowed in DavanKay Adams,Dylan,RB
2024,129,13,9,Zach Charbonnet,prius,Mattias,RB
2024,130,13,10,Ja'Lynn Polk,waddled away waddle waddle,riley,WR
2024,131,14,1,Chuba Hubbard,waddled away waddle waddle,riley,RB
2024,132,14,2,Tua Tagovailoa,prius,Mattias,QB
2024,133,14,3,Jordan Mason,Burrowed in DavanKay Adams,Dylan,RB
2024,134,14,4,T.J. Watt,Tony Montana,Aaron,OLB
2024,135,14,5,Mike Williams,I got an F grade,Nate,WR
2024,136,14,6,Jeffery Simmons,I kiss Amon Ra on the lips,lucas,DT
2024,137,14,7,Devon Witherspoon,4x4 loading,Niko,CB
2024,138,14,8,Bucky Irving,Patrick MaHamas,Brendan,RB
2024,139,14,9,DeMario Douglas,Rub For Chubb & Jerk For Kirk,Jack,WR
2024,140,14,10,Jared Goff,Mixon a Walker Once in a While,Connor,QB
2024,141,15,1,Ty Chandler,Mixon a Walker Once in a While,Connor,RB
2024,142,15,2,Jessie Bates III,Rub For Chubb & Jerk For Kirk,Jack,FS
2024,143,15,3,Brian Branch,Patrick MaHamas,Brendan,SAF
2024,144,15,4,Braelon Allen,4x4 loading,Niko,RB
2024,145,15,5,Khalil Herbert,I kiss Amon Ra on the lips,lucas,RB
2024,146,15,6,Kyle Hamilton,I got an F grade,Nate,SAF
2024,147,15,7,Jerry Jeudy,Tony Montana,Aaron,WR
2024,148,15,8,Kerby Joseph,Burrowed in DavanKay Adams,Dylan,SAF
2024,149,15,9,Fred Warner,prius,Mattias,MLB
2024,150,15,10,Antoine Winfield Jr.,waddled away waddle waddle,riley,SAF
2024,151,16,1,Rashid Shaheed,waddled away waddle waddle,riley,WR
2024,152,16,2,Josh Downs,prius,Mattias,WR
2024,153,16,3,Darnell Mooney,Burrowed in DavanKay Adams,Dylan,WR
2024,154,16,4,Antonio Gibson,Tony Montana,Aaron,RB
2024,155,16,5,Dalton Schultz,I got an F grade,Nate,TE
2024,156,16,6,Pat Freiermuth,I kiss Amon Ra on the lips,lucas,TE
2024,157,16,7,Trevor Lawrence,4x4 loading,Niko,QB
2024,158,16,8,Tyler Allgeier,Patrick MaHamas,Brendan,RB
2024,159,16,9,Kimani Vidal,Rub For Chubb & Jerk For Kirk,Jack,RB
2024,160,16,10,Foyesade Oluokun,Mixon a Walker Once in a While,Connor,
2025,1,1,1,Ja'Marr Chase,peeks for playoffs,Nate,WR
2025,2,1,2,Bijan Robinson,Pancake Boi🥀🥞,Aaron,RB
2025,3,1,3,Jahmyr Gibbs,Road to Ninth #Foaks,riley,RB
2025,4,1,4,Saquon Barkley,I Chase Brown Kids,Connor,RB
2025,5,1,5,Justin Jefferson,Keons Favorite Cookies,lucas,WR
2025,6,1,6,CeeDee Lamb,Practice Squad Warriors,Niko,WR
2025,7,1,7,Christian McCaffrey,Moore Rice Prease,Mattias,RB
2025,8,1,8,Ashton Jeanty,Patrick MaHamas,Brendan,RB
2025,9,1,9,Nico Collins,Coke Head,Jack,WR
2025,10,1,10,Malik Nabers,Cotton Picken Njigbas,Dylan,WR
2025,11,2,1,Derrick Henry,Cotton Picken Njigbas,Dylan,RB
2025,12,2,2,Puka Nacua,Coke Head,Jack,WR
2025,13,2,3,Brian Thomas Jr.,Patrick MaHamas,Brendan,WR
2025,14,2,4,Jonathan Taylor,Moore Rice Prease,Mattias,RB
2025,15,2,5,Josh Jacobs,Practice Squad Warriors,Niko,RB
2025,16,2,6,Amon-Ra St. Brown,Keons Favorite Cookies,lucas,WR
2025,17,2,7,Chase Brown,I Chase Brown Kids,Connor,RB
2025,18,2,8,Drake London,Road to Ninth #Foaks,riley,WR
2025,19,2,9,Bucky Irving,Pancake Boi🥀🥞,Aaron,RB
2025,20,2,10,De'Von Achane,peeks for playoffs,Nate,RB
2025,21,3,1,Ladd McConkey,peeks for playoffs,Nate,WR
2025,22,3,2,Brock Bowers,Pancake Boi🥀🥞,Aaron,TE
2025,23,3,3,A.J. Brown,Road to Ninth #Foaks,riley,WR
2025,24,3,4,Kyren Williams,I Chase Brown Kids,Connor,RB
2025,25,3,5,Josh Allen,Keons Favorite Cookies,lucas,QB
2025,26,3,6,Lamar Jackson,Practice Squad Warriors,Niko,QB
2025,27,3,7,Trey McBride,Moore Rice Prease,Mattias,TE
2025,28,3,8,Omarion Hampton,Patrick MaHamas,Brendan,RB
2025,29,3,9,Tee Higgins,Coke Head,Jack,WR
2025,30,3,10,Jaxon Smith-Njigba,Cotton Picken Njigbas,Dylan,WR
2025,31,4,1,James Cook III,Cotton Picken Njigbas,Dylan,RB
2025,32,4,2,Jalen Hurts,Coke Head,Jack,QB
2025,33,4,3,Kenneth Walker III,Patrick MaHamas,Brendan,RB
2025,34,4,4,Mike Evans,Moore Rice Prease,Mattias,WR
2025,35,4,5,TreVeyon Henderson,Practice Squad Warriors,Niko,RB
2025,36,4,6,Alvin Kamara,Keons Favorite Cookies,lucas,RB
2025,37,4,7,Tyreek Hill,I Chase Brown Kids,Connor,WR
2025,38,4,8,George Kittle,Road to Ninth #Foaks,riley,TE
2025,39,4,9,Marvin Harrison Jr.,Pancake Boi🥀🥞,Aaron,WR
2025,40,4,10,Terry McLaurin,peeks for playoffs,Nate,WR
2025,41,5,1,James Conner,peeks for playoffs,Nate,RB
2025,42,5,2,Jayden Daniels,Pancake Boi🥀🥞,Aaron,QB
2025,43,5,3,Chuba Hubbard,Road to Ninth #Foaks,riley,RB
2025,44,5,4,Joe Burrow,I Chase Brown Kids,Connor,QB
2025,45,5,5,Garrett Wilson,Keons Favorite Cookies,lucas,WR
2025,46,5,6,Tetairoa McMillan,Practice Squad Warriors,Niko,WR
2025,47,5,7,DK Metcalf,Moore Rice Prease,Mattias,WR
2025,48,5,8,Courtland Sutton,Patrick MaHamas,Brendan,WR
2025,49,5,9,Tony Pollard,Coke Head,Jack,RB
2025,50,5,10,George Pickens,Cotton Picken Njigbas,Dylan,WR
2025,51,6,1,RJ Harvey,Cotton Picken Njigbas,Dylan,RB
2025,52,6,2,Isiah Pacheco,Coke Head,Jack,RB
2025,53,6,3,Davante Adams,Patrick MaHamas,Brendan,WR
2025,54,6,4,DJ Moore,Moore Rice Prease,Mattias,WR
2025,55,6,5,Jameson Williams,Practice Squad Warriors,Niko,WR
2025,56,6,6,Breece Hall,Keons Favorite Cookies,lucas,RB
2025,57,6,7,Calvin Ridley,I Chase Brown Kids,Connor,WR
2025,58,6,8,Travis Hunter,Road to Ninth #Foaks,riley,WR
2025,59,6,9,Xavier Worthy,Pancake Boi🥀🥞,Aaron,WR
2025,60,6,10,Ricky Pearsall,peeks for playoffs,Nate,WR
2025,61,7,1,Kaleb Johnson,peeks for playoffs,Nate,RB
2025,62,7,2,Jacory Croskey-Merritt,Pancake Boi🥀🥞,Aaron,RB
2025,63,7,3,Rome Odunze,Road to Ninth #Foaks,riley,WR
2025,64,7,4,D'Andre Swift,I Chase Brown Kids,Connor,RB
2025,65,7,5,Sam LaPorta,Keons Favorite Cookies,lucas,TE
2025,66,7,6,Emeka Egbuka,Practice Squad Warriors,Niko,WR
2025,67,7,7,Rashee Rice,Moore Rice Prease,Mattias,WR
2025,68,7,8,Tank Bigsby,Patrick MaHamas,Brendan,RB
2025,69,7,9,DeVonta Smith,Coke Head,Jack,WR
2025,70,7,10,Jaylen Waddle,Cotton Picken Njigbas,Dylan,WR
2025,71,8,1,Matthew Golden,Cotton Picken Njigbas,Dylan,WR
2025,72,8,2,David Montgomery,Coke Head,Jack,RB
2025,73,8,3,Tucker Kraft,Patrick MaHamas,Brendan,TE
2025,74,8,4,Jordan Mason,Moore Rice Prease,Mattias,RB
2025,75,8,5,Aaron Jones Sr.,Practice Squad Warriors,Niko,RB
2025,76,8,6,Tyrone Tracy Jr.,Keons Favorite Cookies,lucas,RB
2025,77,8,7,Chris Olave,I Chase Brown Kids,Connor,WR
2025,78,8,8,Stefon Diggs,Road to Ninth #Foaks,riley,WR
2025,79,8,9,Jakobi Meyers,Pancake Boi🥀🥞,Aaron,WR
2025,80,8,10,T.J. Hockenson,peeks for playoffs,Nate,TE
2025,81,9,1,Zay Flowers,peeks for playoffs,Nate,WR
2025,82,9,2,Jauan Jennings,Pancake Boi🥀🥞,Aaron,WR
2025,83,9,3,Bo Nix,Road to Ninth #Foaks,riley,QB
2025,84,9,4,Jaylen Warren,I Chase Brown Kids,Connor,RB
2025,85,9,5,Jerry Jeudy,Keons Favorite Cookies,lucas,WR
2025,86,9,6,Tyler Warren,Practice Squad Warriors,Niko,TE
2025,87,9,7,Deebo Samuel,Moore Rice Prease,Mattias,WR
2025,88,9,8,Zach Charbonnet,Patrick MaHamas,Brendan,RB
2025,89,9,9,J.K. Dobbins,Coke Head,Jack,RB
2025,90,9,10,Mark Andrews,Cotton Picken Njigbas,Dylan,TE
2025,91,10,1,Travis Etienne Jr.,Cotton Picken Njigbas,Dylan,RB
2025,92,10,2,Evan Engram,Coke Head,Jack,TE
2025,93,10,3,Patrick Mahomes,Patrick MaHamas,Brendan,QB
2025,94,10,4,Brian Robinson,Moore Rice Prease,Mattias,RB
2025,95,10,5,David Njoku,Practice Squad Warriors,Niko,TE
2025,96,10,6,Travis Kelce,Keons Favorite Cookies,lucas,TE
2025,97,10,7,Jordan Addison,I Chase Brown Kids,Connor,WR
2025,98,10,8,Josh Downs,Road to Ninth #Foaks,riley,WR
2025,99,10,9,Cooper Kupp,Pancake Boi🥀🥞,Aaron,WR
2025,100,10,10,Brock Purdy,peeks for playoffs,Nate,QB
2025,101,11,1,Rashid Shaheed,peeks for playoffs,Nate,WR
2025,102,11,2,Cam Skattebo,Pancake Boi🥀🥞,Aaron,RB
2025,103,11,3,Braelon Allen,Road to Ninth #Foaks,riley,RB
2025,104,11,4,Javonte Williams,I Chase Brown Kids,Connor,RB
2025,105,11,5,Keon Coleman,Keons Favorite Cookies,lucas,WR
2025,106,11,6,Jayden Reed,Practice Squad Warriors,Niko,WR
2025,107,11,7,Dak Prescott,Moore Rice Prease,Mattias,QB
2025,108,11,8,Bhayshul Tuten,Patrick MaHamas,Brendan,RB
2025,109,11,9,Joe Mixon,Coke Head,Jack,RB
2025,110,11,10,Baker Mayfield,Cotton Picken Njigbas,Dylan,QB
2025,111,12,1,Drake Maye,Cotton Picken Njigbas,Dylan,QB
2025,112,12,2,Kyler Murray,Coke Head,Jack,QB
2025,113,12,3,Dylan Sampson,Patrick MaHamas,Brendan,RB
2025,114,12,4,Ollie Gordon II,Moore Rice Prease,Mattias,RB
2025,115,12,5,Jayden Higgins,Practice Squad Warriors,Niko,WR
2025,116,12,6,Keenan Allen,Keons Favorite Cookies,lucas,WR
2025,117,12,7,Jerome Ford,I Chase Brown Kids,Connor,RB
2025,118,12,8,Tyjae Spears,Road to Ninth #Foaks,riley,RB
2025,119,12,9,Chris Godwin Jr.,Pancake Boi🥀🥞,Aaron,WR
2025,120,12,10,Caleb Williams,peeks for playoffs,Nate,QB
2025,121,13,1,Ray Davis,peeks for playoffs,Nate,RB
2025,122,13,2,Jared Goff,Pancake Boi🥀🥞,Aaron,QB
2025,123,13,3,Justin Herbert,Road to Ninth #Foaks,riley,QB
2025,124,13,4,Michael Pittman Jr.,I Chase Brown Kids,Connor,RB
2025,125,13,5,Rhamondre Stevenson,Keons Favorite Cookies,lucas,RB
2025,126,13,6,Jaydon Blue,Practice Squad Warriors,Niko,RB
2025,127,13,7,Austin Ekeler,Moore Rice Prease,Mattias,RB
2025,128,13,8,Brian Branch,Patrick MaHamas,Brendan,SAF
2025,129,13,9,Darnell Mooney,Coke Head,Jack,WR
2025,130,13,10,Khalil Shakir,Cotton Picken Njigbas,Dylan,WR
2025,131,14,1,Quinshon Judkins,Cotton Picken Njigbas,Dylan,RB
2025,132,14,2,Cedric Tillman,Coke Head,Jack,WR
2025,133,14,3,Justin Fields,Patrick MaHamas,Brendan,QB
2025,134,14,4,Luther Burden III,Moore Rice Prease,Mattias,WR
2025,135,14,5,Trey Benson,Practice Squad Warriors,Niko,RB
2025,136,14,6,Aidan Hutchinson,Keons Favorite Cookies,lucas,DE
2025,137,14,7,Colston Loveland,I Chase Brown Kids,Connor,TE
2025,138,14,8,Dalton Kincaid,Road to Ninth #Foaks,riley,TE
2025,139,14,9,Rachaad White,Pancake Boi🥀🥞,Aaron,RB
2025,140,14,10,Jake Ferguson,peeks for playoffs,Nate,TE
2025,141,15,1,Nick Chubb,peeks for playoffs,Nate,RB
2025,142,15,2,Zaire Franklin,Pancake Boi🥀🥞,Aaron,OLB
2025,143,15,3,Tre' Harris,Road to Ninth #Foaks,riley,WR
2025,144,15,4,Zack Baun,I Chase Brown Kids,Connor,LB
2025,145,15,5,Rico Dowdle,Keons Favorite Cookies,lucas,RB
2025,146,15,6,Trey Hendrickson,Practice Squad Warriors,Niko,DE
2025,147,15,7,Mason Taylor,Moore Rice Prease,Mattias,TE
2025,148,15,8,Brandon Aiyuk,Patrick MaHamas,Brendan,WR
2025,149,15,9,Dont'e Thornton Jr.,Coke Head,Jack,WR
2025,150,15,10,T.J. Watt,Cotton Picken Njigbas,Dylan,OLB
2025,151,16,1,Kyle Pitts Sr.,Cotton Picken Njigbas,Dylan,TE
2025,152,16,2,Nik Bonitto,Coke Head,Jack,LB
2025,153,16,3,Woody Marks,Patrick MaHamas,Brendan,RB
2025,154,16,4,Harrison Smith,Moore Rice Prease,Mattias,FS
2025,155,16,5,Bryce Young,Practice Squad Warriors,Niko,QB
2025,156,16,6,Isaac TeSlaa,Keons Favorite Cookies,lucas,WR
2025,157,16,7,Najee Harris,I Chase Brown Kids,Connor,RB
2025,158,16,8,Roquan Smith,Road to Ninth #Foaks,riley,ILB
2025,159,16,9,Tyler Allgeier,Pancake Boi🥀🥞,Aaron,RB
2025,160,16,10,Kyle Williams,peeks for playoffs,Nate,WR
